BRCD_ID,BRCD_ITEM,BRCD_VALUE,BRCD_DELETED
2,3,2076577476812,0
3,3,2093514655963,0
4,3,2095210384710,0
5,3,2093454833483,0
7,17,6935364050412,0
8,17,арматура,0
9,17,арм,0
11,19,2011753358117,0
12,20,2016580285179,0
13,15,2096535281975,0
14,15,2021651479937,0
15,15,2092481443573,0
16,5,2088860144223,0
17,5,2061880027608,0
18,5,2038503548406,0
19,21,2024855647416,0
20,21,2091260538578,0
33,24,4780101733231,0
34,24,4780022620139,0
35,25,4780100650102,0
36,26,7622201448608,0
40,29,8690637530906,0
41,30,2089843031080,0
42,31,4780069000093,0
43,17,2077040844091,0
44,17,2088121897882,0
45,32,2083776017791,0
46,33,2057006723387,0
47,34,2054190194283,0
49,36,48740234,0
51,40,2098066388550,0
52,20,9785001008125,0
53,41,8691190440848,0
54,42,079400066725,0
55,43,079400066725,0
56,44,079400448217,0
57,45,079400448217,0
58,46,079400457752,0
59,47,079400457752,0
60,48,079400593030,0
61,49,079400593030,0
62,50,081555964184,0
63,51,081555964184,0
64,52,081555964184,0
65,53,081555964337,0
66,54,081555964337,0
67,55,108021,0
68,56,108021,0
69,57,109483,0
70,58,109483,0
71,59,115785,0
72,60,115785,0
73,61,115785,0
74,62,125607,0
75,63,125607,0
76,64,125607,0
77,65,125607,0
78,66,138774,0
79,67,138774,0
80,68,183826,0
81,69,183826,0
82,70,224921,0
83,71,224921,0
84,72,238388,0
85,73,238388,0
86,74,241560,0
87,75,241560,0
88,76,2450158003626,0
89,77,2450158003626,0
90,78,2450158007716,0
91,79,2450158007716,0
92,80,274476,0
93,81,274476,0
94,82,293449,0
95,83,293449,0
96,84,2987027189285,0
97,85,2987027189285,0
98,86,30017069000,0
99,87,30017069000,0
100,88,30017069000,0
101,89,30079861,0
102,90,30079861,0
103,91,30166967,0
104,92,30166967,0
105,93,30178625,0
106,94,30178625,0
107,95,3052503260914,0
108,96,3052503260914,0
109,97,3145891073607,0
110,98,3145891073607,0
111,99,320684,0
112,100,320684,0
113,101,320684,0
114,102,330881,0
115,103,330881,0
116,104,3386460032735,0
117,105,3386460032735,0
118,106,3423473049456,0
119,107,3423473049456,0
120,108,3592496160025,0
121,109,3592496160025,0
122,110,3600520659732,0
123,111,3600520659732,0
124,112,3600521349069,0
125,113,3600521349069,0
126,114,3600522373193,0
127,115,3600522373193,0
128,116,3600522373209,0
129,117,3600522373209,0
130,118,3600522672029,0
131,119,3600522672029,0
132,120,3600522945260,0
133,121,3600522945260,0
134,122,3600523434725,0
135,123,3600523434725,0
136,124,3600523462384,0
137,125,3600523462384,0
138,126,3600523555918,0
139,127,3600523555918,0
140,128,3600523555925,0
141,129,3600523555925,0
142,130,3600523581818,0
143,131,3600523581818,0
144,132,3600523717323,0
145,133,3600523717323,0
146,134,3600523783724,0
147,135,3600523783724,0
148,136,3600531423872,0
149,137,3600531423872,0
150,138,3600531526337,0
151,139,3600531526337,0
152,140,3600531584696,0
153,141,3600531584696,0
154,142,3600531605650,0
155,143,3600531605650,0
156,144,3600531632793,0
157,145,3600531632793,0
158,146,3600531632809,0
159,147,3600531632809,0
160,148,3600531632847,0
161,149,3600531632847,0
162,150,3600540794390,0
163,151,3600540794390,0
164,152,3600540889379,0
165,153,3600540889379,0
166,154,3600541033368,0
167,155,3600541033368,0
168,156,3600541033382,0
169,157,3600541033382,0
170,158,3600541094253,0
171,159,3600541094253,0
172,160,3600541181571,0
173,161,3600541181571,0
174,162,3600541181830,0
175,163,3600541181830,0
176,164,3600541254664,0
177,165,3600541254664,0
178,166,3600541256408,0
179,167,3600541256408,0
180,168,3600541448469,0
181,169,3600541448469,0
182,170,3600541474437,0
183,171,3600541474437,0
184,172,3600541488038,0
185,173,3600541488038,0
186,174,3600541488076,0
187,175,3600541488076,0
188,176,3600541739963,0
189,177,3600541739963,0
190,178,3600541739970,0
191,179,3600541739970,0
192,180,3600541751873,0
193,181,3600541751873,0
194,182,3600541751880,0
195,183,3600541751880,0
196,184,3600541991941,0
197,185,3600541991941,0
198,186,3600541993105,0
199,187,3600541993105,0
200,188,3600542085786,0
201,189,3600542085786,0
202,190,3600542216616,0
203,191,3600542216616,0
204,192,3600542342612,0
205,193,3600542342612,0
206,194,3600542385077,0
207,195,3600542385077,0
208,196,3600542385237,0
209,197,3600542385237,0
210,198,3614222986058,0
211,199,3614222986058,0
212,200,3614222986058,0
213,201,3614222986065,0
214,202,3614222986065,0
215,203,3614224843939,0
216,204,3614224843939,0
217,205,3614226904966,0
218,206,3614226904966,0
219,207,3700971300167,0
220,208,3700971300167,0
221,209,3700971300624,0
222,210,3700971300624,0
223,211,3760237854070,0
224,212,3760237854070,0
225,213,3760237855794,0
226,214,3760237855794,0
227,215,3760237855794,0
228,216,3760237855800,0
229,217,3760237855800,0
230,218,3760237855800,0
231,219,4005800116445,0
232,220,4005800116445,0
233,221,4005900624161,0
234,222,4005900624161,0
235,223,4006670128002,0
236,224,4006670128002,0
237,225,4015000607469,0
238,226,4015000607469,0
239,227,4015000912785,0
240,228,4015000912785,0
241,229,4015000914550,0
242,230,4015000914550,0
243,231,4015000951944,0
244,232,4015000951944,0
245,233,4015000983686,0
246,234,4015000983686,0
247,235,4015100180190,0
248,236,4015100180190,0
249,237,4015100190069,0
250,238,4015100190069,0
251,239,4015100201147,0
252,240,4015100201147,0
253,241,4015100206005,0
254,242,4015100206005,0
255,243,4015100211535,0
256,244,4015100211535,0
257,245,4015100217742,0
258,246,4015100217742,0
259,247,4015100446586,0
260,248,4015100446586,0
261,249,4015100446609,0
262,250,4015100446609,0
263,251,4059729038258,0
264,252,4059729038258,0
265,253,4059729038333,0
266,254,4059729038333,0
267,255,4059729038340,0
268,256,4059729038340,0
269,257,407205,0
270,258,407205,0
271,259,4084500490307,0
272,260,4084500490307,0
273,261,4084500693807,0
274,262,4084500693807,0
275,263,4084500693845,0
276,264,4084500693845,0
277,265,409981,0
278,266,409981,0
279,267,423649,0
280,268,423649,0
281,269,423649,0
282,270,4605922009313,0
283,271,4605922009313,0
284,272,4605922010562,0
285,273,4605922010562,0
286,274,4605922013068,0
287,275,4605922013068,0
288,276,4605922016991,0
289,277,4605922016991,0
290,278,4605966000253,0
291,279,4605966000253,0
292,280,4605966004510,0
293,281,4605966004510,0
294,282,4605966011471,0
295,283,4605966011471,0
296,284,4607072197537,0
297,285,4607072197537,0
298,286,4607109405321,0
299,287,4607109405321,0
300,288,4607953910095,0
301,289,4607953910095,0
302,290,4620002183394,0
303,291,4620002183394,0
304,292,4620002184896,0
305,293,4620002184896,0
306,294,4620016240076,0
307,295,4620016240076,0
308,296,4620018875214,0
309,297,4620018875214,0
310,298,4620746550124,0
311,299,4620746550124,0
312,300,4650067529462,0
313,301,4650067529462,0
314,302,4801010560500,0
315,303,4801010560500,0
316,304,4801010562108,0
317,305,4801010562108,0
318,306,4811329017107,0
319,307,4811329017107,0
320,308,4811329022613,0
321,309,4811329022613,0
322,310,4811329022798,0
323,311,4811329022798,0
324,312,4811329022804,0
325,313,4811329022804,0
326,314,4811329022811,0
327,315,4811329022811,0
328,316,4811329023757,0
329,317,4811329023757,0
330,318,4811329023771,0
331,319,4811329023771,0
332,320,4811329023788,0
333,321,4811329023788,0
334,322,4811329028493,0
335,323,4811329028493,0
336,324,4811329028530,0
337,325,4811329028530,0
338,326,4811329028554,0
339,327,4811329028554,0
340,328,4811329028561,0
341,329,4811329028561,0
342,330,4811329028578,0
343,331,4811329028578,0
344,332,4811329029001,0
345,333,4811329029001,0
346,334,4811329029209,0
347,335,4811329029209,0
348,336,4811329029216,0
349,337,4811329029216,0
350,338,4811329029223,0
351,339,4811329029223,0
352,340,4811329029230,0
353,341,4811329029230,0
354,342,4811329029247,0
355,343,4811329029247,0
356,344,4811329029285,0
357,345,4811329029285,0
358,346,4811329029315,0
359,347,4811329029315,0
360,348,4811329034555,0
361,349,4811329034555,0
362,350,4811329034562,0
363,351,4811329034562,0
364,352,4811329036450,0
365,353,4811329036450,0
366,354,4811329036467,0
367,355,4811329036467,0
368,356,4902430397872,0
369,357,4902430397872,0
370,358,4902430397964,0
371,359,4902430397964,0
372,360,5000174194289,0
373,361,5000174194289,0
374,362,5000174511840,0
375,363,5000174511840,0
376,364,500862,0
377,365,500862,0
378,366,500862,0
379,367,500862,0
380,368,5013965676574,0
381,369,5013965676574,0
382,370,50220007,0
383,371,50220007,0
384,372,50285662,0
385,373,50285662,0
386,374,50287062,0
387,375,50287062,0
388,376,5054563082169,0
389,377,5054563082169,0
390,378,5057566223362,0
391,379,5057566223362,0
392,380,50683338,0
393,381,50683338,0
394,382,50683352,0
395,383,50683352,0
396,384,50683369,0
397,385,50683369,0
398,386,50683376,0
399,387,50683376,0
400,388,516588,0
401,389,516588,0
402,390,516588,0
403,391,525944,0
404,392,525944,0
405,393,538427,0
406,394,538427,0
407,395,538427,0
408,396,5413149280724,0
409,397,5413149280724,0
410,398,5413149426702,0
411,399,5413149426702,0
412,400,541748,0
413,401,541748,0
414,402,579820,0
415,403,579820,0
416,404,5901761952780,0
417,405,5901761952780,0
418,406,5901761985405,0
419,407,5901761985405,0
420,408,5901761987256,0
421,409,5901761987256,0
422,410,5903267000415,0
423,411,5903267000415,0
424,412,5903416026839,0
425,413,5903416026839,0
426,414,5907582900269,0
427,415,5907582900269,0
428,416,5907609344243,0
429,417,5907609344243,0
430,418,605654,0
431,419,605654,0
432,420,614514060032,0
433,421,614514060032,0
434,422,614514060094,0
435,423,614514060094,0
436,424,614514060193,0
437,425,614514060193,0
438,426,614514060230,0
439,427,614514060230,0
440,428,614514060452,0
441,429,614514060452,0
442,430,614514060506,0
443,431,614514060506,0
444,432,621884,0
445,433,621884,0
446,434,621884,0
447,435,621884,0
448,436,6224007393260,0
449,437,6224007393260,0
450,438,6224007393383,0
451,439,6224007393383,0
452,440,6246717265446,0
453,441,6246717265446,0
454,442,6246717265446,0
455,443,6246717265453,0
456,444,6246717265453,0
457,445,6246717265460,0
458,446,6246717265460,0
459,447,6246717265507,0
460,448,6246717265507,0
461,449,6281031114612,0
462,450,6281031114612,0
463,451,6281031273661,0
464,452,6281031273661,0
465,453,6281031273685,0
466,454,6281031273685,0
467,455,6281031273876,0
468,456,6281031273876,0
469,457,6291106031454,0
470,458,6291106031454,0
471,459,6291106034288,0
472,460,6291106034288,0
473,461,6291108321652,0
474,462,6291108321652,0
475,463,6295253021788,0
476,464,6295253021788,0
477,465,6295253068288,0
478,466,6295253068288,0
479,467,6295253079222,0
480,468,6295253079222,0
481,469,6295253079840,0
482,470,6295253079840,0
483,471,632641,0
484,472,632641,0
485,473,632641,0
486,474,632641,0
487,475,633844,0
488,476,633844,0
489,477,633844,0
490,478,634065469702,0
491,479,634065469702,0
492,480,644554,0
493,481,644554,0
494,482,644554,0
495,483,667548099226,0
496,484,667548099226,0
497,485,667550704187,0
498,486,667550704187,0
499,487,667552546433,0
500,488,667552546433,0
501,489,667552546433,0
502,490,676413,0
503,491,676413,0
504,492,6902540752361,0
505,493,6902540752361,0
506,494,6921882000367,0
507,495,6921882000367,0
508,496,6921888202475,0
509,497,6921888202475,0
510,498,6931348410630,0
511,499,6931348410630,0
512,500,6936993803424,0
513,501,6936993803424,0
514,502,6938251872623,0
515,503,6938251872623,0
516,504,6970379996072,0
517,505,6970379996072,0
518,506,6970381947772,0
519,507,6970381947772,0
520,508,6971072790073,0
521,509,6971072790073,0
522,510,6971072790073,0
523,511,6971072790899,0
524,512,6971072790899,0
525,513,6971618875103,0
526,514,6971618875103,0
527,515,6971618875103,0
528,516,710946,0
529,517,710946,0
530,518,711619,0
531,519,711619,0
532,520,711619,0
533,521,730870124550,0
534,522,730870124550,0
535,523,7322540662146,0
536,524,7322540662146,0
537,525,7322540827743,0
538,526,7322540827743,0
539,527,7331709000149,0
540,528,7331709000149,0
541,529,7331709000163,0
542,530,7331709000163,0
543,531,737052074740,0
544,532,737052074740,0
545,533,737052074757,0
546,534,737052074757,0
547,535,737052230825,0
548,536,737052230825,0
549,537,737052248097,0
550,538,737052248097,0
551,539,737052517667,0
552,540,737052517667,0
553,541,769915196474,0
554,542,769915196474,0
555,543,8001090509550,0
556,544,8001090509550,0
557,545,8001090509673,0
558,546,8001090509673,0
559,547,8001090509703,0
560,548,8001090509703,0
561,549,8001090889805,0
562,550,8001090889805,0
563,551,8001841221076,0
564,552,8001841221076,0
565,553,8001841221199,0
566,554,8001841221199,0
567,555,8001841221274,0
568,556,8001841221274,0
569,557,8001841596440,0
570,558,8001841596440,0
571,559,8001841604947,0
572,560,8001841604947,0
573,561,8001841605036,0
574,562,8001841605036,0
575,563,8001841605135,0
576,564,8001841605135,0
577,565,8001841635293,0
578,566,8001841635293,0
579,567,8001841858715,0
580,568,8001841858715,0
581,569,8001841969282,0
582,570,8001841969282,0
583,571,8005610379609,0
584,572,8005610379609,0
585,573,8006540112496,0
586,574,8006540112496,0
587,575,8006540163931,0
588,576,8006540163931,0
589,577,8006540289808,0
590,578,8006540289808,0
591,579,8006540289808,0
592,580,8006540290002,0
593,581,8006540290002,0
594,582,8006540290002,0
595,583,8006540315118,0
596,584,8006540315118,0
597,585,8006540319574,0
598,586,8006540319574,0
599,587,800897836245,0
600,588,800897836245,0
601,589,8016741072482,0
602,590,8016741072482,0
603,591,8018365500037,0
604,592,8018365500037,0
605,593,804066,0
606,594,804066,0
607,595,804066,0
608,596,80466437,0
609,597,80466437,0
610,598,8411061853160,0
611,599,8411061853160,0
612,600,860137,0
613,601,860137,0
614,602,8690506473648,0
615,603,8690506473648,0
616,604,8690506494131,0
617,605,8690506494131,0
618,606,8690586004572,0
619,607,8690586004572,0
620,608,8690586018586,0
621,609,8690586018586,0
622,610,8690586257602,0
623,611,8690586257602,0
624,612,8690586301671,0
625,613,8690586301671,0
626,614,8690604162635,0
627,615,8690604162635,0
628,616,8690604242696,0
629,617,8690604242696,0
630,618,8690604395644,0
631,619,8690604395644,0
632,620,8690604395651,0
633,621,8690604395651,0
634,622,8690604551521,0
635,623,8690604551521,0
636,624,8690637885891,0
637,625,8690637885891,0
638,626,8690637886430,0
639,627,8690637886430,0
640,628,8690637886508,0
641,629,8690637886508,0
642,630,8691190440848,0
643,631,8691190967338,0
644,632,8691190967338,0
645,633,8691190967482,0
646,634,8691190967482,0
647,635,8696814029218,0
648,636,8696814029218,0
649,637,8696814029225,0
650,638,8696814029225,0
651,639,8696814029232,0
652,640,8696814029232,0
653,641,8696814031235,0
654,642,8696814031235,0
655,643,8696814071712,0
656,644,8696814071712,0
657,645,8696814071729,0
658,646,8696814071729,0
659,647,8696814073112,0
660,648,8696814073112,0
661,649,8696814074713,0
662,650,8696814074713,0
663,651,8696814074720,0
664,652,8696814074720,0
665,653,8696814074737,0
666,654,8696814074737,0
667,655,8696814074751,0
668,656,8696814074751,0
669,657,8696814074768,0
670,658,8696814074768,0
671,659,8699561350062,0
672,660,8699561350062,0
673,661,8710447171363,0
674,662,8710447171363,0
675,663,8710447214268,0
676,664,8710447214268,0
677,665,8710447214275,0
678,666,8710447214275,0
679,667,8710447216675,0
680,668,8710447216675,0
681,669,8710447216675,0
682,670,8710447244647,0
683,671,8710447244647,0
684,672,8710447328446,0
685,673,8710447328446,0
686,674,8710447328446,0
687,675,8710447492215,0
688,676,8710447492215,0
689,677,8710447493885,0
690,678,8710447493885,0
691,679,8710447493892,0
692,680,8710447493892,0
693,681,8710847902703,0
694,682,8710847902703,0
695,683,8710908325823,0
696,684,8710908325823,0
697,685,8711700748223,0
698,686,8711700748223,0
699,687,8711700858342,0
700,688,8711700858342,0
701,689,8711700895675,0
702,690,8711700895675,0
703,691,8714100701751,0
704,692,8714100701751,0
705,693,8714100776988,0
706,694,8714100776988,0
707,695,8714100791042,0
708,696,8714100791042,0
709,697,8714100859599,0
710,698,8714100859599,0
711,699,8714100922521,0
712,700,8714100922521,0
713,701,8717163340455,0
714,702,8717163340455,0
715,703,8717163627099,0
716,704,8717163627099,0
717,705,8717163714942,0
718,706,8717163714942,0
719,707,8717644144626,0
720,708,8717644144626,0
721,709,8717644165768,0
722,710,8717644165768,0
723,711,8717644165898,0
724,712,8717644165898,0
725,713,8717644585085,0
726,714,8717644585085,0
727,715,8718114216324,0
728,716,8718114216324,0
729,717,8718114216478,0
730,718,8718114216478,0
731,719,8718114650708,0
732,720,8718114650708,0
733,721,8800196049119,0
734,722,8800196049119,0
735,723,8809012709602,0
736,724,8809012709602,0
737,725,8809081763000,0
738,726,8809081763000,0
739,727,8809210036500,0
740,728,8809210036500,0
741,729,8809210036517,0
742,730,8809210036517,0
743,731,8809210036517,0
744,732,8809270473048,0
745,733,8809270473048,0
746,734,8809409340432,0
747,735,8809409340432,0
748,736,8809409341705,0
749,737,8809409341705,0
750,738,8809409342887,0
751,739,8809409342887,0
752,740,8809469775120,0
753,741,8809469775120,0
754,742,8809480770890,0
755,743,8809480770890,0
756,744,8809541280979,0
757,745,8809541280979,0
758,746,8809541280986,0
759,747,8809541280986,0
760,748,8809605870979,0
761,749,8809605870979,0
762,750,8809624723614,0
763,751,8809624723614,0
764,752,8809809801014,0
765,753,8809809801014,0
766,754,8904250601012,0
767,755,8904250601012,0
768,756,892825,0
769,757,892825,0
770,758,9000101317695,0
771,759,9000101317695,0
772,760,9000101519204,0
773,761,9000101519204,0
774,762,9000101519228,0
775,763,9000101519228,0
776,764,9000101538274,0
777,765,9000101538274,0
778,766,9000101538274,0
779,767,917201,0
780,768,917201,0
781,769,925781,0
782,770,925781,0
783,771,9419360010023,0
784,772,9419360010023,0
785,773,96003428,0
786,774,96003428,0
787,775,96136850,0
788,776,96136850,0
789,777,961765,0
790,778,961765,0
791,779,981882,0
792,780,981882,0
793,781,981882,0
794,782,989505,0
795,783,989505,0
796,784,989505,0
797,785,989505,0
799,4,0639277499349,0
800,8,2067631353118,0
802,3,3646391208129,0
803,3,3626391808079,0
804,3,8000500232057,0
806,786,4811330000000,0
807,787,4811330000000,0
808,788,4811330000000,0
809,789,4811330000000,0
810,790,4811330000000,0
811,791,4811330000000,0
812,792,4811330000000,0
813,793,4811330000000,0
814,794,4811330000000,0
815,795,4811330000000,0
816,796,4811330000000,0
817,797,4811330000000,0
818,798,4811330000000,0
819,799,4811330000000,0
820,800,4811330000000,0
821,801,2016180000000,0
822,803,2011260000000,0
823,804,2019360000000,0
824,805,2010100000000,0
825,806,2011320000000,0
826,807,2013570000000,0
827,808,2013010000000,0
828,809,2011980000000,0
829,810,2019270000000,0
830,811,2010010000000,0
831,813,2012580000000,0
832,815,2014150000000,0
833,816,2019730000000,0
834,817,2014100000000,0
835,818,2014780000000,0
836,819,2016470000000,0
837,820,2013230000000,0
838,821,2017760000000,0
839,822,2010390000000,0
840,823,2013800000000,0
841,824,2014440000000,0
842,825,2011310000000,0
843,826,2013540000000,0
844,827,2012140000000,0
845,828,2013730000000,0
846,829,2016780000000,0
847,830,2015660000000,0
848,832,2019760000000,0
849,833,2013290000000,0
850,838,2011060000000,0
851,839,109483,0
852,840,676413,0
853,841,2019360000000,0
854,842,108021,0
855,843,2011660000000,0
856,844,6970380000000,0
857,845,2450160000000,0
858,846,2450160000000,0
859,847,4811330000000,0
860,848,621884,0
861,849,605654,0
862,850,2016830000000,0
863,851,8809010000000,0
864,852,961765,0
865,853,4801010000000,0
866,854,4801010000000,0
867,855,2016950000000,0
868,856,6931350000000,0
869,857,892825,0
870,858,224921,0
871,859,4607110000000,0
872,860,8904250000000,0
873,861,9419360000000,0
874,862,2013050000000,0
875,863,2016150000000,0
876,864,4620750000000,0
877,865,50285662,0
878,866,4006670000000,0
879,867,5907580000000,0
880,868,183826,0
881,870,8809080000000,0
882,871,7322540000000,0
883,872,6971620000000,0
884,873,538427,0
885,875,4015000000000,0
886,876,4015000000000,0
887,877,4015100000000,0
888,878,4015100000000,0
889,879,4015100000000,0
890,880,4015100000000,0
891,881,4015100000000,0
892,882,4015100000000,0
893,883,4015100000000,0
894,884,4015100000000,0
895,885,4620020000000,0
896,886,7322540000000,0
897,887,8800200000000,0
898,888,4605920000000,0
899,889,4605920000000,0
900,890,4605920000000,0
901,891,8711700000000,0
902,892,8714100000000,0
903,893,8718110000000,0
904,894,8714100000000,0
905,895,8690640000000,0
906,896,8690640000000,0
907,897,4605920000000,0
908,898,8690640000000,0
909,899,8714100000000,0
910,900,8717640000000,0
911,901,8711700000000,0
912,902,8710450000000,0
913,903,8714100000000,0
914,904,633844,0
915,905,4607070000000,0
916,906,3600540000000,0
917,907,3600540000000,0
918,908,3600540000000,0
919,909,3600540000000,0
920,910,3600540000000,0
921,911,3600540000000,0
922,912,3600540000000,0
923,913,3600540000000,0
924,914,3600540000000,0
925,915,3600540000000,0
926,916,3600540000000,0
927,917,3600540000000,0
928,918,3600540000000,0
929,919,3600540000000,0
930,920,3600540000000,0
931,921,3600540000000,0
932,922,3600540000000,0
933,923,4650070000000,0
934,925,6224010000000,0
935,926,6224010000000,0
936,927,8690510000000,0
937,928,8690510000000,0
938,929,8690590000000,0
939,930,8690590000000,0
940,931,8690590000000,0
941,932,8690590000000,0
942,933,4811330000000,0
943,934,8696810000000,0
944,935,8696810000000,0
945,936,8696810000000,0
946,937,525944,0
947,938,8696810000000,0
948,939,8696810000000,0
949,940,8696810000000,0
950,941,8696810000000,0
951,942,8696810000000,0
952,943,8691190000000,0
953,944,5000170000000,0
954,945,5000170000000,0
955,946,5013970000000,0
956,947,6936990000000,0
957,948,50287062,0
958,949,80466437,0
959,950,409981,0
960,951,8809470000000,0
961,952,3600540000000,0
962,953,3600540000000,0
963,954,3600540000000,0
964,955,3600540000000,0
965,956,3600540000000,0
966,957,3600540000000,0
967,958,3600540000000,0
968,959,4811330000000,0
969,960,8691190000000,0
970,961,5903420000000,0
971,962,50220007,0
972,963,96136850,0
973,964,4811330000000,0
974,965,4811330000000,0
975,966,4811330000000,0
976,967,4811330000000,0
977,968,4811330000000,0
978,969,4811330000000,0
979,970,8809810000000,0
980,971,6970380000000,0
981,972,8710450000000,0
982,973,8710450000000,0
983,974,8717160000000,0
984,975,96003428,0
985,976,4084500000000,0
986,977,5413150000000,0
987,978,8001090000000,0
988,979,4605970000000,0
989,980,4015000000000,0
990,981,4015000000000,0
991,982,4015000000000,0
992,983,4605970000000,0
993,984,4605970000000,0
994,985,5901760000000,0
995,986,710946,0
996,987,8696810000000,0
997,988,8696810000000,0
998,989,4005900000000,0
999,990,8710450000000,0
1000,991,8710450000000,0
1001,992,8710450000000,0
1002,993,8710450000000,0
1003,994,8710450000000,0
1004,995,5907610000000,0
1005,996,3700970000000,0
1006,997,4811330000000,0
1007,998,925781,0
1008,999,8691190000000,0
1009,1000,516588,0
1010,1001,8699560000000,0
1011,1002,6902540000000,0
1012,1004,8001840000000,0
1013,1005,5901760000000,0
1014,1006,8696810000000,0
1015,1007,8717640000000,0
1016,1008,8717640000000,0
1017,1009,8717640000000,0
1018,1010,8711700000000,0
1019,1011,8690600000000,0
1020,1012,8690600000000,0
1021,1013,5901760000000,0
1022,1014,4084500000000,0
1023,1015,8001840000000,0
1024,1016,8006540000000,0
1025,1017,8710450000000,0
1026,1018,8718110000000,0
1027,1019,8710850000000,0
1028,1020,8710910000000,0
1029,1021,8717160000000,0
1030,1022,8717160000000,0
1031,1023,8718110000000,0
1032,1024,8001840000000,0
1033,1025,8001840000000,0
1034,1026,8001840000000,0
1035,1027,8809540000000,0
1036,1028,8809540000000,0
1037,1029,614514000000,0
1038,1030,614514000000,0
1039,1031,614514000000,0
1040,1032,614514000000,0
1041,1033,614514000000,0
1042,1034,614514000000,0
1043,1035,9000100000000,0
1044,1036,9000100000000,0
1045,1037,6295250000000,0
1046,1038,6295250000000,0
1047,1039,6971070000000,0
1048,1040,293449,0
1049,1041,6246720000000,0
1050,1042,6246720000000,0
1051,1043,6246720000000,0
1052,1044,6246720000000,0
1053,1045,6291110000000,0
1054,1046,4005800000000,0
1055,1047,8001840000000,0
1056,1048,79400066725,0
1057,1049,79400448217,0
1058,1050,79400457752,0
1059,1051,79400593030,0
1060,1052,667548000000,0
1061,1053,6295250000000,0
1062,1054,8809480000000,0
1063,1055,3600520000000,0
1064,1056,3600520000000,0
1065,1057,3600520000000,0
1066,1058,3600520000000,0
1067,1059,3600520000000,0
1068,1060,3600520000000,0
1069,1061,3600520000000,0
1070,1062,8809210000000,0
1071,1063,4607950000000,0
1072,1064,989505,0
1073,1065,3700970000000,0
1074,1066,30166967,0
1075,1067,5903270000000,0
1076,1068,644554,0
1077,1069,8006540000000,0
1078,1070,8006540000000,0
1079,1071,8006540000000,0
1080,1072,8006540000000,0
1081,1073,3760240000000,0
1082,1074,3760240000000,0
1083,1075,8809210000000,0
1084,1076,4084500000000,0
1085,1077,5413150000000,0
1086,1078,8001090000000,0
1087,1079,8001090000000,0
1088,1080,8690600000000,0
1089,1081,8690600000000,0
1090,1082,50683338,0
1091,1083,8005610000000,0
1092,1084,50683352,0
1093,1085,50683369,0
1094,1086,50683376,0
1095,1087,6971070000000,0
1096,1088,4059730000000,0
1097,1089,4059730000000,0
1098,1090,4059730000000,0
1099,1091,8809610000000,0
1100,1092,9000100000000,0
1101,1093,3600530000000,0
1102,1094,30079861,0
1103,1095,3600530000000,0
1104,1096,9000100000000,0
1105,1097,3614220000000,0
1106,1098,320684,0
1107,1099,8696810000000,0
1108,1100,3052500000000,0
1109,1101,6295250000000,0
1110,1102,8714100000000,0
1111,1103,423649,0
1112,1104,8001090000000,0
1113,1105,5057570000000,0
1114,1106,3600530000000,0
1115,1107,238388,0
1116,1108,3760240000000,0
1117,1109,8809270000000,0
1118,1110,981882,0
1119,1111,3600520000000,0
1120,1112,8809620000000,0
1121,1113,3600530000000,0
1122,1114,30178625,0
1123,1115,2987030000000,0
1124,1116,30017069000,0
1125,1117,3600530000000,0
1126,1118,3600530000000,0
1127,1119,3600530000000,0
1128,1120,3614220000000,0
1129,1121,3614220000000,0
1130,1122,3600520000000,0
1131,1123,3600520000000,0
1132,1124,3600520000000,0
1133,1125,3600520000000,0
1134,1126,3600520000000,0
1135,1127,632641,0
1136,1128,4902430000000,0
1137,1129,4902430000000,0
1138,1130,8690600000000,0
1139,1131,579820,0
1140,1132,407205,0
1141,1133,6938250000000,0
1142,1134,81555964184,0
1143,1135,125607,0
1144,1136,81555964337,0
1145,1137,4620000000000,0
1146,1138,8809410000000,0
1147,1139,3592500000000,0
1148,1140,8001840000000,0
1149,1141,8809410000000,0
1150,1142,5054560000000,0
1151,1143,4620020000000,0
1152,1144,241560,0
1153,1145,7331710000000,0
1154,1146,7331710000000,0
1155,1147,860137,0
1156,1148,769915000000,0
1157,1150,8809410000000,0
1158,1151,711619,0
1159,1152,138774,0
1160,1153,274476,0
1161,1154,330881,0
1162,1155,541748,0
1163,1156,500862,0
1164,1158,8006540000000,0
1165,1159,8001840000000,0
1166,1160,8001840000000,0
1167,1161,8001840000000,0
1168,1162,6281030000000,0
1169,1163,6281030000000,0
1170,1164,6281030000000,0
1171,1165,6281030000000,0
1172,1166,804066,0
1173,1167,115785,0
1174,1168,3386460000000,0
1175,1169,4620000000000,0
1176,1170,800898000000,0
1177,1171,667551000000,0
1178,1172,6921880000000,0
1179,1173,6921890000000,0
1180,1174,917201,0
1181,1175,737053000000,0
1182,1176,6291110000000,0
1183,1177,737052000000,0
1184,1178,737052000000,0
1185,1179,3614230000000,0
1186,1180,737052000000,0
1187,1181,730870000000,0
1188,1182,6291110000000,0
1189,1183,8018370000000,0
1191,1187,737052000000,0
1192,1188,667553000000,0
1193,1189,634065000000,0
1194,1192,8411060000000,0
1195,1193,8016740000000,0
1196,1194,3145890000000,0
1197,2,4870209743741,0
1198,1200,2048200414447,0
1199,1201,2023326095336,0
1200,1202,2086018761193,0
1201,1,4780016312965,0
1203,2,4780011420306,0
1205,1207,2066606086686,0
1207,1215,2095448334969,0
1208,1216,2069502503363,0
1209,1217,2095493247542,0
1210,2,2074609211998,0
1211,2,2016839511622,0
1212,2,2045202811427,0
1213,2,2021933747983,0
1214,2,2016253972405,0
1215,2,2062280507738,0
1216,2,2037857619992,0
1217,1223,4780022621327,0
1218,1223,2033266909464,0
1219,2,4604248003074,0
1220,1224,2060428769802,0
1221,1225,2023994948248,0
1222,1226,2074726835657,0
1223,7,2049168155113,0
1224,9,2053886771654,0
1225,10,2096599120487,0
1226,12,2041335290238,0
1227,13,2086879092474,0
1228,16,2025384707602,0
1229,22,2037913459814,0
1230,23,2062984768985,0
1231,38,2034135670003,0
1232,39,2091391703289,0
1233,802,2056923508107,0
1234,812,2078854242363,0
1235,814,2020085493489,0
1236,831,2036882930553,0
1237,834,2022174998608,0
1238,835,2099126630411,0
1239,836,2059108159040,0
1240,837,2078160906751,0
1241,869,2055363522841,0
1242,874,2054086652637,0
1243,924,2045837350667,0
1244,1003,2070010033631,0
1245,1149,2018025760647,0
1246,1157,2030839834932,0
1247,1195,2032200819555,0
1248,1196,2077330355788,0
1249,1197,2010049323068,0
1250,1198,2078255550685,0
1251,1199,2081129787001,0
1252,1203,2019251281302,0
1253,1204,2048865915259,0
1254,1205,2086575735132,0
1255,1206,2096280932702,0
1256,1208,2039544509111,0
1257,1209,2092690165617,0
1258,1210,2064817303554,0
1259,1211,2036016023663,0
1260,1212,2065628210444,0
1261,1213,2030092983972,0
1262,1218,2057839050810,0
1263,1219,2027222829804,0
1264,1220,2042596999342,0
1265,1222,2031316510073,0
1266,6,2037780615788,0
1267,11,2027280046359,0
1268,37,2013058387168,0
1269,1221,2063451799495,0
1286,28,2046955712634,0
1287,27,2096514022452,0
1288,1228,4870216767372,0
1289,1227,2082345437633,0
1290,1229,2048530977001,0
1291,1230,47801080,0
1292,1232,4870216767373,0
1293,20,9785170778713,0
1294,1233,1100,0
1295,1234,2200,0
1296,18,2093045287244,0
1298,1236,4011100977716,0
1299,1254,2014293830174,0
1300,1258,2011760540918,0
1301,1262,6935364089184,0
1302,6,6921734900524,0
1305,1265,4780069000031,0
1307,1230,2074476129419,0
1308,1243,2039486192273,0
1309,1243,2076589461516,0
1310,1243,2037841197253,0
1311,1243,2018320781422,0
1312,1243,2052337511887,0
1313,1243,2068629596630,0
1314,1243,2071178941837,0
1315,1243,2034245156688,0
1316,1243,2016263441946,0
1317,1243,2078721338991,0
1318,1270,2021007960157,0
1319,1271,6932849427257,0
1320,1250,007,0
1321,1203,2035492634332,0
1322,1203,2046632538540,0
1323,1247,2043276232407,0
1324,1274,6973504000675,0
1325,4,2013176118538,0
1326,4,35451531,0
1327,4,2039162,0
1328,1291,2556532151634,0
1330,1292,2022287356425,0
1331,1275,48716516546516516,0
1332,1294,46515421,0
1333,1294,2099291161215,0
1334,1320,2067786281700,0
1335,1327,2058790784318,0
1336,2,2095869708158,0
1337,1331,4780110001581,0
1338,1335,2025470052982,0
1339,1336,2094031946886,0
1341,1337,4780014241854,0
1342,1197,2045349209651,0
1343,1197,2087200416594,0
1344,1197,2057914991359,0
1345,1197,2055361996255,0
1346,1197,2019954456762,0
1347,1340,2039948502008,0
1349,1342,4780032050377,0
1350,1345,2028132565110,0
1351,1345,0,0
1352,1345,1,0
1353,1345,001,0
1355,1232,5,0
1357,14,054881005845,0
1358,1355,Штрих код,0
1359,1356,8595010630610,0
1360,1357,8595010600514,0
1361,1358,8595010600088,0
1362,1359,4750021004858,0
1363,1360,4750021101380,0
1364,1361,4780010542511,0
1365,1362,4781035000222,0
1366,1363,3028130074408,0
1367,1364,3359880400682,0
1368,14,12345,0
1369,1341,4607005404282,0
1370,1262,2021355437738,0
1371,1262,2044641973581,0
1373,821,4780022620177,0
1374,1366,2032479845903,0
1375,1367,2099351387456,0
1376,1367,418517517417157,0
1378,1368,1,0
1379,1369,2063971544292,0
1380,1370,2012369664364,0
1385,1372,4870002328398,0
1386,1373,2033301471987,0
1388,1315,1234,0
1389,1218,2094929219726,0
1390,1218,2066615727808,0
1391,1218,2046596028484,0
1392,1218,2044866825689,0
1393,1379,4780051070073,0
1394,1380,4780051070295,0
1395,1381,4780049961758,0
1396,1384,4780069000024,0
1397,1386,4780030110035,0
1399,1388,7622210309310,0
1400,1389,4605246006494,0
1401,1390,4870001571344,0
1402,1391,8887290130240,0
1403,1392,4640001890031,0
1405,1394,4607015232646,0
1406,1395,4780040112722,0
1407,1396,4780042470516,0
1408,1397,4780042470547,0
1409,1398,4870227273916,0
1410,1399,4870227271073,0
1411,1400,4870227273015,0
1412,1401,4870227273008,0
1413,1402,4870227271820,0
1414,1403,4607176440256,0
1415,1404,4607084353457,0
1416,1405,4601780013493,0
1417,1406,4600375914696,0
1418,1407,7622210632050,0
1419,1408,46114709,0
1420,1409,8681301037449,0
1421,1410,4780084840018,0
1422,1411,4604857000242,0
1423,1412,8001090767103,0
1424,1413,2093250149757,0
1425,1422,2060766271661,0
1426,1264,111,0
1427,1423,4600605031315,0
1428,1424,2074607664109,0
1429,1425,3600541678774,0
1430,1425,3600541678781,0
1431,1425,3600542330624,0
1432,1426,1111,0
1433,1427,4780099051102,0
1434,1428,2053728934469,0
1435,19,4444,0
1437,1453,2084966842315,0
1438,1454,2054775558745,0
1439,1455,0000,0
1440,1456,007,0
1441,1457,010,0
1442,1458,011,0
1443,1459,012000045271,0
1444,1460,012000051654,0
1445,1461,012000051661,0
1446,1462,012000051678,0
1447,1463,012000051692,0
1448,1464,012000800443,0
1449,1465,012000802805,0
1450,1466,012000803123,0
1451,1467,012000804144,0
1452,1468,012546011426,0
1453,1469,012546011600,0
1454,1470,012546014090,0
1455,1471,012546014175,0
1456,1472,012546014731,0
1457,1477,1212,0
1458,1481,4780044570023,0
1459,1482,4780019900145,0
1461,1537,2076164206914,0
1462,1538,2032530550388,0
1463,1539,2089306573690,0
1465,1541,2039138088398,0
1466,1557,2099385767842,0
1467,1558,2024373430231,0
1471,1559,1,0
1472,1561,47801271,0
1473,1562,4780047222035,0
1474,1563,2091888606819,0
1475,1564,2015526127245,0
1476,1565,2069391681364,0
1477,1566,2030814635417,0
1478,1567,2018880283770,0
1482,1569,2080431148913,0
1483,1570,2080665914209,0
1484,1572,47803091,0
1487,1574,2051447292822,0
1488,1575,2034135670003,0
1489,1582,2082565340133,0
1490,1586,5554444,0
1491,1630,48/7164651651651,0
1492,1630,1,0
1493,1630,2069733058342,0
1494,1589,4780012960177,0
1495,1632,2031458529865,0
1496,1633,2014520573621,0
1497,1634,2099749361143,0
1498,1635,4780080130076,0
1499,1636,4780069000659,0
1500,1637,4780030110073,0
1501,1638,4780051070295,0
1502,1639,4607015232622,0
1503,1266,2015269632129,0
1504,1387,2031826331465,0
1505,1393,2045012125899,0
1506,1641,2014750656118,0
1507,1642,2036955830735,0
1511,1214,123,0
1513,1647,2016184234344,0
1514,1647,4600495536679,0
1515,1647,4600495536655,0
1516,1648,4780021593182,0
1517,1648,4660028334622,0
1518,1648,4640075009056,0
1519,1649,4823077627323,0
1520,1899,Штрих-код,0
1521,1900,3083680002875,0
1522,1901,3083680015394,0
1523,1902,3083680048774,0
1524,1903,3083680538404,0
1525,1904,3083680714648,0
1526,1905,4606180013135,0
1527,1906,4607116761786,0
1528,1907,5998304240022,0
1529,1908,5998304241111,0
1530,1909,8,0
1531,1910,9,0
1532,1911,10,0
1533,1912,11,0
1534,1913,334,0
1535,1914,335,0
1536,1915,336,0
1537,1916,943,0
1538,1917,4780130900062,0
1539,1918,4780130900079,0
1540,1919,4780130900093,0
1541,1920,918,0
1542,1921,919,0
1543,1922,54,0
1544,1923,61,0
1545,1924,109,0
1546,1925,110,0
1547,1926,111,0
1548,1927,114,0
1549,1928,125,0
1550,1929,147,0
1551,1930,158,0
1552,1931,195,0
1553,1932,3083680001663,0
1554,1933,3083680714655,0
1555,1934,3083681083361,0
1556,1935,4607141380013,0
1557,1936,4780037060111,0
1558,1937,4780058230401,0
1559,1938,4780059850103,0
1560,1939,4780059850271,0
1561,1940,4780059850288,0
1562,1941,4780059850301,0
1563,1942,4780059850325,0
1564,1943,4780059850363,0
1565,1944,4780059850370,0
1566,1945,4780059850417,0
1567,1946,8935070802402,0
1568,1947,4607116761724,0
1569,1948,4607116761809,0
1570,1949,4607116761847,0
1571,1950,4607116761861,0
1572,1951,4780036863393,0
1573,1952,4780036863430,0
1574,1953,4780036863454,0
1575,1954,4780036863492,0
1576,1955,4780036863515,0
1577,1956,4780036864437,0
1578,1957,4780036864499,0
1579,1958,4780036864505,0
1580,1959,4780036864567,0
1581,1960,3083681083330,0
1582,1961,4601674084714,0
1583,1962,4601674084738,0
1584,1963,4601674084752,0
1585,1964,4601674084813,0
1586,1965,4601674086343,0
1587,1966,4601674086381,0
1588,1967,4601780000219,0
1589,1968,4601780000578,0
1590,1969,4601780006976,0
1591,1970,4601780006990,0
1592,1971,4601780007010,0
1593,1972,4601780007706,0
1594,1973,4601780008154,0
1595,1974,4601780009861,0
1596,1975,4601780009885,0
1597,1976,4601780014735,0
1598,1977,4601780020354,0
1599,1978,4601780025991,0
1600,1979,4780014280679,0
1601,1980,4780014280785,0
1602,1981,4780014281027,0
1603,1982,4780014281034,0
1604,1983,4780014281041,0
1605,1984,4780014281119,0
1606,1985,4780014282291,0
1607,1986,4780014282307,0
1608,1987,4780014282598,0
1609,1988,4780014283359,0
1610,1989,4780014283366,0
1611,1990,4780014283380,0
1612,1991,4780014283403,0
1613,1992,4780014283465,0
1614,1993,4780014283472,0
1615,1994,4780014283502,0
1616,1995,4780014283526,0
1617,1996,4780014283533,0
1618,1997,4780043530035,0
1619,1998,4780043530141,0
1620,1999,4780129060036,0
1621,2000,4780129060043,0
1622,2001,4870045004112,0
1623,2002,4602986010897,0
1624,2003,4620017750161,0
1625,2004,4620017750178,0
1626,2005,106,0
1627,2006,4630073550346,0
1628,2007,4680001220025,0
1629,2008,4780044890091,0
1630,2009,4780044890107,0
1631,2010,4780044890114,0
1632,2011,4780044890121,0
1633,2012,4780044890190,0
1634,2013,62,0
1635,2014,63,0
1636,2015,64,0
1637,2016,66,0
1638,2017,68,0
1639,2018,71,0
1640,2019,72,0
1641,2020,73,0
1642,2021,74,0
1643,2022,77,0
1644,2023,78,0
1645,2024,80,0
1646,2025,81,0
1647,2026,83,0
1648,2027,84,0
1649,2028,85,0
1650,2029,107,0
1651,2030,108,0
1652,2031,112,0
1653,2032,137,0
1654,2033,172,0
1655,2034,4780069000154,0
1656,2035,4780069000192,0
1657,2036,9556771006938,0
1658,2037,4607141381003,0
1659,2038,910,0
1660,2039,911,0
1661,2040,912,0
1662,2041,913,0
1663,2042,14,0
1664,2043,16,0
1665,2044,18,0
1666,2045,19,0
1667,2046,21,0
1668,2047,22,0
1669,2048,24,0
1670,2049,26,0
1671,2050,27,0
1672,2051,33,0
1673,2052,35,0
1674,2053,37,0
1675,2054,38,0
1676,2055,39,0
1677,2056,40,0
1678,2057,42,0
1679,2058,43,0
1680,2059,44,0
1681,2060,45,0
1682,2061,47,0
1683,2062,48,0
1684,2063,50,0
1685,2064,51,0
1686,2065,56,0
1687,2066,75,0
1688,2067,76,0
1689,2068,88,0
1690,2069,93,0
1691,2070,94,0
1692,2071,104,0
1693,2072,113,0
1694,2073,116,0
1695,2074,118,0
1696,2075,119,0
1697,2076,121,0
1698,2077,140,0
1699,2078,146,0
1700,2079,152,0
1701,2080,153,0
1702,2081,206,0
1703,2082,333,0
1704,2083,339,0
1705,2084,342,0
1706,2085,993,0
1707,2086,4780019930418,0
1708,2087,4780019930432,0
1709,2088,4780019932108,0
1710,2089,4780019932139,0
1711,2090,995,0
1712,2091,999,0
1713,2092,2428000186384,0
1714,2093,952,0
1715,2094,953,0
1716,2095,954,0
1717,2096,955,0
1718,2097,956,0
1719,2098,957,0
1720,2099,958,0
1721,2100,959,0
1722,2101,960,0
1723,2102,961,0
1724,2103,963,0
1725,2104,964,0
1726,2105,6900000053034,0
1727,2106,6,0
1728,2107,145,0
1729,2108,337,0
1730,2109,338,0
1731,2110,4770337046113,0
1732,2111,4780080131516,0
1733,2112,6408430339556,0
1734,2113,6408432001109,0
1735,2114,6408432052217,0
1736,2115,6408432052224,0
1737,2116,991,0
1738,2117,4607116760109,0
1739,2118,4607116760536,0
1740,2119,4607116760543,0
1741,2120,4607116761885,0
1742,2121,4607116763902,0
1743,2122,4607116767641,0
1744,2123,4607141380037,0
1745,2124,4607141380051,0
1746,2125,4607141380099,0
1747,2126,4607141380723,0
1748,2127,4607141380884,0
1749,2128,4607141381034,0
1750,2129,4870005460125,0
1751,2130,6972559820108,0
1752,2131,8938508069125,0
1753,2132,940,0
1754,2133,950,0
1755,2134,996,0
1756,2135,914,0
1757,2136,921,0
1758,2142,2053679357102,0
1759,2146,4780110080173,0
1760,2147,4780014240819,0
1762,1371,9062300140085,0
1763,2157,999999,0
1764,2158,888888,0
1765,2159,777777,0
1766,1643,66666666,0
1767,2160,2013145240352,0
1768,2161,3,0
1770,2162,4680021880629,0
1771,2171,2045394004898,0
1772,2172,4780119001759,0
1773,2173,4600721015725,0
1774,2174,8000420000491,0
1775,2175,47800830,0
1776,2176,4620001311231,0
1777,2177,47802018,0
1778,2163,4680019562148,0
1779,2178,1220000419155,0
1780,1540,2014457206265,0
1781,1585,2046829184864,0
1782,1631,2036218810481,0
1784,1415,2048961040305,0
1785,1630,3600541678774,0
1786,2179,2074922931962,0
1787,25,4780012960153,0
1788,2180,2083277637207,0
1789,2181,2010874446321,0
1790,1390,4605246006494,0
